from,to
Alexander_Wehrle,Mercedes-Benz_Group
Alexander_Wehrle,VfB_Stuttgart
Lutz_Meschke,Porsche_AG
Lutz_Meschke,Mercedes-Benz_Group
Peter_Schymon,Mercedes-Benz_Group
Peter_Schymon,SAP
Beate_Beck-Deharde,Beck_Packautomaten
Beate_Beck-Deharde,Mercedes-Benz_Group
Tanja_Gönner,BDI
Tanja_Gönner,Landkreis_Ludwigsburg
Alexander_Kläger,SAP
Alexander_Kläger,VfB_Stuttgart
Dietmar_Allgaier,Landkreis_Ludwigsburg
Dietmar_Allgaier,VfB_Stuttgart
Rouven_Kasper,VfB_Stuttgart
Rouven_Kasper,Mercedes-Benz_Group
Fabian_Wohlgemuth,VfB_Stuttgart
Fabian_Wohlgemuth,Jako_AG
Andreas_Grupp,Beck_Packautomaten
Andreas_Grupp,Mercedes-Benz_Group
Franz_Reiner,Porsche_AG
Franz_Reiner,VfB_Stuttgart
Tobias_Röschl,SAP
Tobias_Röschl,VfB_Stuttgart
Albrecht_Reimold,Porsche_AG
Albrecht_Reimold,BDI
